Price,Close,High,Low,Open,Volume
Ticker,BBDC4.SA,BBDC4.SA,BBDC4.SA,BBDC4.SA,BBDC4.SA
Datetime,,,,,
2025-02-17 10:00:00-03:00,12.279999732971191,12.329999923706055,12.210000038146973,12.289999961853027,744400
2025-02-17 10:15:00-03:00,12.260000228881836,12.300000190734863,12.239999771118164,12.279999732971191,676700
2025-02-17 10:30:00-03:00,12.199999809265137,12.300000190734863,12.1899995803833,12.270000457763672,1071700
2025-02-17 10:45:00-03:00,12.239999771118164,12.25,12.199999809265137,12.210000038146973,577100
2025-02-17 11:00:00-03:00,12.25,12.260000228881836,12.199999809265137,12.239999771118164,884300
2025-02-17 11:15:00-03:00,12.270000457763672,12.279999732971191,12.220000267028809,12.239999771118164,478300
2025-02-17 11:30:00-03:00,12.289999961853027,12.34000015258789,12.260000228881836,12.279999732971191,1159400
2025-02-17 11:45:00-03:00,12.270000457763672,12.3100004196167,12.25,12.289999961853027,753400
2025-02-17 12:00:00-03:00,12.270000457763672,12.279999732971191,12.25,12.260000228881836,318900
2025-02-17 12:15:00-03:00,12.279999732971191,12.289999961853027,12.25,12.279999732971191,188400
2025-02-17 12:30:00-03:00,12.279999732971191,12.300000190734863,12.270000457763672,12.270000457763672,267000
2025-02-17 12:45:00-03:00,12.300000190734863,12.3100004196167,12.279999732971191,12.279999732971191,372000
2025-02-17 13:00:00-03:00,12.279999732971191,12.300000190734863,12.270000457763672,12.289999961853027,244600
2025-02-17 13:15:00-03:00,12.289999961853027,12.3100004196167,12.279999732971191,12.289999961853027,443400
2025-02-17 13:30:00-03:00,12.300000190734863,12.319999694824219,12.289999961853027,12.300000190734863,310500
2025-02-17 13:45:00-03:00,12.289999961853027,12.319999694824219,12.279999732971191,12.300000190734863,467100
2025-02-17 14:00:00-03:00,12.300000190734863,12.300000190734863,12.279999732971191,12.289999961853027,276100
2025-02-17 14:15:00-03:00,12.319999694824219,12.319999694824219,12.279999732971191,12.300000190734863,490900
2025-02-17 14:30:00-03:00,12.270000457763672,12.319999694824219,12.270000457763672,12.3100004196167,533000
2025-02-17 14:45:00-03:00,12.279999732971191,12.289999961853027,12.239999771118164,12.270000457763672,691200
2025-02-17 15:00:00-03:00,12.260000228881836,12.289999961853027,12.239999771118164,12.279999732971191,499200
2025-02-17 15:15:00-03:00,12.279999732971191,12.279999732971191,12.25,12.25,478500
2025-02-17 15:30:00-03:00,12.270000457763672,12.279999732971191,12.239999771118164,12.270000457763672,427700
2025-02-17 15:45:00-03:00,12.260000228881836,12.279999732971191,12.25,12.270000457763672,307400
2025-02-17 16:00:00-03:00,12.239999771118164,12.270000457763672,12.229999542236328,12.260000228881836,430300
2025-02-17 16:15:00-03:00,12.279999732971191,12.279999732971191,12.229999542236328,12.229999542236328,438700
2025-02-17 16:30:00-03:00,12.239999771118164,12.279999732971191,12.239999771118164,12.270000457763672,210300
2025-02-17 16:45:00-03:00,12.25,12.270000457763672,12.229999542236328,12.239999771118164,315600
2025-02-18 10:00:00-03:00,12.199999809265137,12.279999732971191,12.180000305175781,12.270000457763672,465200
2025-02-18 10:15:00-03:00,12.149999618530273,12.199999809265137,12.130000114440918,12.199999809265137,640100
2025-02-18 10:30:00-03:00,12.1899995803833,12.199999809265137,12.119999885559082,12.140000343322754,524100
2025-02-18 10:45:00-03:00,12.210000038146973,12.239999771118164,12.180000305175781,12.1899995803833,403100
2025-02-18 11:00:00-03:00,12.229999542236328,12.239999771118164,12.1899995803833,12.210000038146973,257200
2025-02-18 11:15:00-03:00,12.239999771118164,12.25,12.210000038146973,12.229999542236328,256500
2025-02-18 11:30:00-03:00,12.239999771118164,12.270000457763672,12.229999542236328,12.229999542236328,650200
2025-02-18 11:45:00-03:00,12.270000457763672,12.279999732971191,12.220000267028809,12.239999771118164,336600
2025-02-18 12:00:00-03:00,12.319999694824219,12.329999923706055,12.260000228881836,12.279999732971191,685700
2025-02-18 12:15:00-03:00,12.319999694824219,12.34000015258789,12.3100004196167,12.3100004196167,278100
2025-02-18 12:30:00-03:00,12.300000190734863,12.34000015258789,12.279999732971191,12.329999923706055,1292300
2025-02-18 12:45:00-03:00,12.270000457763672,12.300000190734863,12.25,12.300000190734863,1349100
2025-02-18 13:00:00-03:00,12.229999542236328,12.270000457763672,12.229999542236328,12.260000228881836,671900
2025-02-18 13:15:00-03:00,12.25,12.260000228881836,12.229999542236328,12.229999542236328,440600
2025-02-18 13:30:00-03:00,12.25,12.260000228881836,12.220000267028809,12.229999542236328,426300
2025-02-18 13:45:00-03:00,12.260000228881836,12.279999732971191,12.239999771118164,12.260000228881836,282100
2025-02-18 14:00:00-03:00,12.270000457763672,12.279999732971191,12.239999771118164,12.270000457763672,226500
2025-02-18 14:15:00-03:00,12.25,12.270000457763672,12.239999771118164,12.270000457763672,178000
2025-02-18 14:30:00-03:00,12.25,12.260000228881836,12.239999771118164,12.260000228881836,158600
2025-02-18 14:45:00-03:00,12.220000267028809,12.260000228881836,12.220000267028809,12.260000228881836,550000
2025-02-18 15:00:00-03:00,12.229999542236328,12.239999771118164,12.199999809265137,12.229999542236328,1384200
2025-02-18 15:15:00-03:00,12.220000267028809,12.25,12.220000267028809,12.239999771118164,1090100
2025-02-18 15:30:00-03:00,12.220000267028809,12.239999771118164,12.210000038146973,12.220000267028809,543900
2025-02-18 15:45:00-03:00,12.220000267028809,12.239999771118164,12.210000038146973,12.220000267028809,589700
2025-02-18 16:00:00-03:00,12.239999771118164,12.25,12.229999542236328,12.229999542236328,221300
2025-02-18 16:15:00-03:00,12.260000228881836,12.260000228881836,12.239999771118164,12.239999771118164,651900
2025-02-18 16:30:00-03:00,12.239999771118164,12.260000228881836,12.239999771118164,12.25,223900
2025-02-18 16:45:00-03:00,12.199999809265137,12.260000228881836,12.199999809265137,12.25,2671700
2025-02-19 10:00:00-03:00,12.050000190734863,12.140000343322754,12.020000457763672,12.119999885559082,726200
2025-02-19 10:15:00-03:00,12.020000457763672,12.09000015258789,12.020000457763672,12.0600004196167,943500
2025-02-19 10:30:00-03:00,12.039999961853027,12.0600004196167,12.0,12.020000457763672,790700
2025-02-19 10:45:00-03:00,12.100000381469727,12.119999885559082,12.039999961853027,12.039999961853027,786200
2025-02-19 11:00:00-03:00,12.069999694824219,12.109999656677246,12.0600004196167,12.100000381469727,294200
2025-02-19 11:15:00-03:00,12.050000190734863,12.100000381469727,12.050000190734863,12.069999694824219,877500
2025-02-19 11:30:00-03:00,12.020000457763672,12.079999923706055,12.0,12.050000190734863,1301500
2025-02-19 11:45:00-03:00,12.029999732971191,12.039999961853027,12.0,12.010000228881836,454300
2025-02-19 12:00:00-03:00,12.010000228881836,12.029999732971191,12.0,12.020000457763672,1856200
2025-02-19 12:15:00-03:00,12.0600004196167,12.069999694824219,12.0,12.020000457763672,947000
2025-02-19 12:30:00-03:00,12.069999694824219,12.09000015258789,12.039999961853027,12.0600004196167,840300
2025-02-19 12:45:00-03:00,12.119999885559082,12.140000343322754,12.050000190734863,12.079999923706055,1051200
2025-02-19 13:00:00-03:00,12.149999618530273,12.149999618530273,12.079999923706055,12.130000114440918,3382200
2025-02-19 13:15:00-03:00,12.09000015258789,12.149999618530273,12.079999923706055,12.149999618530273,1207600
2025-02-19 13:30:00-03:00,12.050000190734863,12.100000381469727,12.050000190734863,12.100000381469727,1000100
2025-02-19 13:45:00-03:00,12.050000190734863,12.079999923706055,12.039999961853027,12.050000190734863,430100
2025-02-19 14:00:00-03:00,12.0600004196167,12.069999694824219,12.039999961853027,12.050000190734863,555700
2025-02-19 14:15:00-03:00,12.020000457763672,12.0600004196167,12.020000457763672,12.0600004196167,2095800
2025-02-19 14:30:00-03:00,12.020000457763672,12.029999732971191,12.0,12.020000457763672,539800
2025-02-19 14:45:00-03:00,12.010000228881836,12.020000457763672,12.0,12.010000228881836,500300
2025-02-19 15:00:00-03:00,12.020000457763672,12.020000457763672,12.010000228881836,12.010000228881836,255900
2025-02-19 15:15:00-03:00,11.979999542236328,12.039999961853027,11.979999542236328,12.020000457763672,1389400
2025-02-19 15:30:00-03:00,11.989999771118164,12.0,11.970000267028809,11.979999542236328,1018200
2025-02-19 15:45:00-03:00,11.970000267028809,12.0,11.970000267028809,11.989999771118164,714500
2025-02-19 16:00:00-03:00,11.979999542236328,12.0,11.970000267028809,11.970000267028809,721900
2025-02-19 16:15:00-03:00,11.979999542236328,12.0,11.970000267028809,11.979999542236328,1308800
2025-02-19 16:30:00-03:00,11.9399995803833,11.979999542236328,11.9399995803833,11.970000267028809,1390500
2025-02-19 16:45:00-03:00,11.960000038146973,11.979999542236328,11.9399995803833,11.9399995803833,1564100
2025-02-20 10:00:00-03:00,12.0,12.039999961853027,11.989999771118164,12.010000228881836,753700
2025-02-20 10:15:00-03:00,11.979999542236328,12.0,11.949999809265137,11.989999771118164,509400
2025-02-20 10:30:00-03:00,11.960000038146973,11.989999771118164,11.920000076293945,11.960000038146973,364900
2025-02-20 10:45:00-03:00,11.979999542236328,11.989999771118164,11.949999809265137,11.949999809265137,111600
2025-02-20 11:00:00-03:00,12.0,12.020000457763672,11.970000267028809,11.979999542236328,423600
2025-02-20 11:15:00-03:00,12.0,12.029999732971191,11.989999771118164,12.0,205700
2025-02-20 11:30:00-03:00,12.020000457763672,12.029999732971191,12.0,12.0,540300
2025-02-20 11:45:00-03:00,12.020000457763672,12.0600004196167,12.010000228881836,12.020000457763672,1131300
2025-02-20 12:00:00-03:00,12.039999961853027,12.069999694824219,12.020000457763672,12.029999732971191,355100
2025-02-20 12:15:00-03:00,12.079999923706055,12.100000381469727,12.029999732971191,12.039999961853027,1465600
2025-02-20 12:30:00-03:00,12.069999694824219,12.100000381469727,12.069999694824219,12.100000381469727,339000
2025-02-20 12:45:00-03:00,12.050000190734863,12.09000015258789,12.050000190734863,12.069999694824219,416400
2025-02-20 13:00:00-03:00,12.029999732971191,12.069999694824219,12.029999732971191,12.050000190734863,224800
2025-02-20 13:15:00-03:00,12.039999961853027,12.050000190734863,12.010000228881836,12.029999732971191,396200
2025-02-20 13:30:00-03:00,12.029999732971191,12.069999694824219,12.029999732971191,12.050000190734863,242100
2025-02-20 13:45:00-03:00,12.0600004196167,12.069999694824219,12.029999732971191,12.029999732971191,346200
2025-02-20 14:00:00-03:00,12.029999732971191,12.09000015258789,12.029999732971191,12.0600004196167,666300
2025-02-20 14:15:00-03:00,12.050000190734863,12.079999923706055,12.029999732971191,12.029999732971191,377200
2025-02-20 14:30:00-03:00,12.020000457763672,12.0600004196167,12.010000228881836,12.0600004196167,515500
2025-02-20 14:45:00-03:00,12.020000457763672,12.029999732971191,11.989999771118164,12.020000457763672,1024000
2025-02-20 15:00:00-03:00,11.989999771118164,12.029999732971191,11.989999771118164,12.010000228881836,1056400
2025-02-20 15:15:00-03:00,11.960000038146973,12.0,11.960000038146973,11.989999771118164,668200
2025-02-20 15:30:00-03:00,11.960000038146973,11.970000267028809,11.9399995803833,11.970000267028809,1199700
2025-02-20 15:45:00-03:00,11.960000038146973,12.0,11.949999809265137,11.960000038146973,678200
2025-02-20 16:00:00-03:00,11.979999542236328,11.989999771118164,11.949999809265137,11.949999809265137,905000
2025-02-20 16:15:00-03:00,12.010000228881836,12.010000228881836,11.960000038146973,11.970000267028809,1307200
2025-02-20 16:30:00-03:00,11.970000267028809,12.010000228881836,11.970000267028809,12.010000228881836,905000
2025-02-20 16:45:00-03:00,11.970000267028809,11.979999542236328,11.949999809265137,11.970000267028809,1501300
2025-02-21 10:00:00-03:00,12.0,12.020000457763672,11.949999809265137,12.0,408000
2025-02-21 10:15:00-03:00,11.930000305175781,12.010000228881836,11.90999984741211,12.0,619800
2025-02-21 10:30:00-03:00,11.920000076293945,11.979999542236328,11.90999984741211,11.9399995803833,546200
2025-02-21 10:45:00-03:00,11.949999809265137,11.989999771118164,11.90999984741211,11.90999984741211,2578800
2025-02-21 11:00:00-03:00,11.850000381469727,11.960000038146973,11.84000015258789,11.949999809265137,1958800
2025-02-21 11:15:00-03:00,11.819999694824219,11.869999885559082,11.819999694824219,11.850000381469727,2303300
2025-02-21 11:30:00-03:00,11.819999694824219,11.850000381469727,11.8100004196167,11.819999694824219,3111500
2025-02-21 11:45:00-03:00,11.800000190734863,11.850000381469727,11.770000457763672,11.819999694824219,1884100
2025-02-21 12:00:00-03:00,11.8100004196167,11.819999694824219,11.770000457763672,11.800000190734863,1188800
2025-02-21 12:15:00-03:00,11.760000228881836,11.8100004196167,11.760000228881836,11.789999961853027,713000
2025-02-21 12:30:00-03:00,11.8100004196167,11.829999923706055,11.760000228881836,11.770000457763672,1116800
2025-02-21 12:45:00-03:00,11.8100004196167,11.829999923706055,11.789999961853027,11.819999694824219,1198700
2025-02-21 13:00:00-03:00,11.779999732971191,11.819999694824219,11.770000457763672,11.8100004196167,1122500
2025-02-21 13:15:00-03:00,11.800000190734863,11.84000015258789,11.779999732971191,11.789999961853027,933100
2025-02-21 13:30:00-03:00,11.829999923706055,11.829999923706055,11.800000190734863,11.8100004196167,674400
2025-02-21 13:45:00-03:00,11.8100004196167,11.829999923706055,11.8100004196167,11.819999694824219,463100
2025-02-21 14:00:00-03:00,11.829999923706055,11.84000015258789,11.8100004196167,11.819999694824219,702000
2025-02-21 14:15:00-03:00,11.819999694824219,11.84000015258789,11.819999694824219,11.829999923706055,363000
2025-02-21 14:30:00-03:00,11.800000190734863,11.850000381469727,11.800000190734863,11.819999694824219,1579800
2025-02-21 14:45:00-03:00,11.789999961853027,11.819999694824219,11.779999732971191,11.800000190734863,2600600
2025-02-21 15:00:00-03:00,11.75,11.800000190734863,11.720000267028809,11.789999961853027,1504800
2025-02-21 15:15:00-03:00,11.770000457763672,11.8100004196167,11.75,11.75,916500
2025-02-21 15:30:00-03:00,11.760000228881836,11.800000190734863,11.760000228881836,11.770000457763672,1258100
2025-02-21 15:45:00-03:00,11.729999542236328,11.770000457763672,11.729999542236328,11.760000228881836,894800
2025-02-21 16:00:00-03:00,11.779999732971191,11.800000190734863,11.729999542236328,11.739999771118164,817200
2025-02-21 16:15:00-03:00,11.760000228881836,11.779999732971191,11.760000228881836,11.770000457763672,516200
2025-02-21 16:30:00-03:00,11.779999732971191,11.800000190734863,11.760000228881836,11.770000457763672,1664500
2025-02-21 16:45:00-03:00,11.779999732971191,11.800000190734863,11.779999732971191,11.800000190734863,650600
2025-02-24 10:00:00-03:00,11.8100004196167,11.859999656677246,11.789999961853027,11.859999656677246,512100
2025-02-24 10:15:00-03:00,11.800000190734863,11.829999923706055,11.770000457763672,11.8100004196167,897100
2025-02-24 10:30:00-03:00,11.770000457763672,11.800000190734863,11.760000228881836,11.800000190734863,476200
2025-02-24 10:45:00-03:00,11.760000228881836,11.789999961853027,11.75,11.770000457763672,1215900
2025-02-24 11:00:00-03:00,11.800000190734863,11.829999923706055,11.739999771118164,11.760000228881836,1477400
2025-02-24 11:15:00-03:00,11.800000190734863,11.819999694824219,11.779999732971191,11.8100004196167,575900
2025-02-24 11:30:00-03:00,11.789999961853027,11.859999656677246,11.779999732971191,11.789999961853027,1316300
2025-02-24 11:45:00-03:00,11.789999961853027,11.819999694824219,11.779999732971191,11.789999961853027,889900
2025-02-24 12:00:00-03:00,11.789999961853027,11.800000190734863,11.75,11.800000190734863,772000
2025-02-24 12:15:00-03:00,11.800000190734863,11.8100004196167,11.779999732971191,11.789999961853027,269900
2025-02-24 12:30:00-03:00,11.789999961853027,11.8100004196167,11.779999732971191,11.800000190734863,329000
2025-02-24 12:45:00-03:00,11.779999732971191,11.789999961853027,11.779999732971191,11.789999961853027,196200
2025-02-24 13:00:00-03:00,11.779999732971191,11.819999694824219,11.779999732971191,11.789999961853027,296800
2025-02-24 13:15:00-03:00,11.770000457763672,11.800000190734863,11.770000457763672,11.779999732971191,407000
2025-02-24 13:30:00-03:00,11.760000228881836,11.779999732971191,11.75,11.779999732971191,536900
2025-02-24 13:45:00-03:00,11.770000457763672,11.800000190734863,11.760000228881836,11.770000457763672,341300
2025-02-24 14:00:00-03:00,11.75,11.789999961853027,11.739999771118164,11.770000457763672,726000
2025-02-24 14:15:00-03:00,11.720000267028809,11.760000228881836,11.720000267028809,11.75,465300
2025-02-24 14:30:00-03:00,11.729999542236328,11.739999771118164,11.720000267028809,11.720000267028809,246800
2025-02-24 14:45:00-03:00,11.729999542236328,11.739999771118164,11.720000267028809,11.729999542236328,242400
2025-02-24 15:00:00-03:00,11.720000267028809,11.729999542236328,11.710000038146973,11.720000267028809,296300
2025-02-24 15:15:00-03:00,11.710000038146973,11.729999542236328,11.6899995803833,11.720000267028809,884700
2025-02-24 15:30:00-03:00,11.710000038146973,11.720000267028809,11.699999809265137,11.720000267028809,779800
2025-02-24 15:45:00-03:00,11.6899995803833,11.720000267028809,11.680000305175781,11.710000038146973,945000
2025-02-24 16:00:00-03:00,11.6899995803833,11.699999809265137,11.680000305175781,11.6899995803833,301600
2025-02-24 16:15:00-03:00,11.680000305175781,11.699999809265137,11.670000076293945,11.680000305175781,326800
2025-02-24 16:30:00-03:00,11.65999984741211,11.6899995803833,11.649999618530273,11.6899995803833,2546400
2025-02-24 16:45:00-03:00,11.619999885559082,11.670000076293945,11.600000381469727,11.670000076293945,2362300
2025-02-25 10:00:00-03:00,11.6899995803833,11.720000267028809,11.649999618530273,11.720000267028809,487700
2025-02-25 10:15:00-03:00,11.670000076293945,11.720000267028809,11.670000076293945,11.680000305175781,573000
2025-02-25 10:30:00-03:00,11.699999809265137,11.720000267028809,11.670000076293945,11.670000076293945,1428400
2025-02-25 10:45:00-03:00,11.680000305175781,11.729999542236328,11.680000305175781,11.710000038146973,658000
2025-02-25 11:00:00-03:00,11.6899995803833,11.720000267028809,11.680000305175781,11.6899995803833,2299300
2025-02-25 11:15:00-03:00,11.6899995803833,11.699999809265137,11.65999984741211,11.6899995803833,680800
2025-02-25 11:30:00-03:00,11.680000305175781,11.699999809265137,11.65999984741211,11.6899995803833,519900
2025-02-25 11:45:00-03:00,11.729999542236328,11.75,11.680000305175781,11.6899995803833,781900
2025-02-25 12:00:00-03:00,11.699999809265137,11.739999771118164,11.699999809265137,11.729999542236328,1278900
2025-02-25 12:15:00-03:00,11.739999771118164,11.75,11.699999809265137,11.710000038146973,1588700
2025-02-25 12:30:00-03:00,11.729999542236328,11.739999771118164,11.680000305175781,11.729999542236328,857000
2025-02-25 12:45:00-03:00,11.729999542236328,11.739999771118164,11.710000038146973,11.729999542236328,495400
2025-02-25 13:00:00-03:00,11.720000267028809,11.75,11.710000038146973,11.720000267028809,1099400
2025-02-25 13:15:00-03:00,11.729999542236328,11.729999542236328,11.699999809265137,11.710000038146973,1187200
2025-02-25 13:30:00-03:00,11.729999542236328,11.75,11.710000038146973,11.729999542236328,421200
2025-02-25 13:45:00-03:00,11.739999771118164,11.75,11.699999809265137,11.729999542236328,1254200
2025-02-25 14:00:00-03:00,11.729999542236328,11.760000228881836,11.729999542236328,11.75,374100
2025-02-25 14:15:00-03:00,11.729999542236328,11.75,11.720000267028809,11.729999542236328,532400
2025-02-25 14:30:00-03:00,11.720000267028809,11.729999542236328,11.710000038146973,11.729999542236328,566600
2025-02-25 14:45:00-03:00,11.75,11.760000228881836,11.710000038146973,11.720000267028809,668500
2025-02-25 15:00:00-03:00,11.739999771118164,11.760000228881836,11.739999771118164,11.75,1682900
2025-02-25 15:15:00-03:00,11.75,11.770000457763672,11.739999771118164,11.739999771118164,634300
2025-02-25 15:30:00-03:00,11.770000457763672,11.770000457763672,11.739999771118164,11.739999771118164,652000
2025-02-25 15:45:00-03:00,11.800000190734863,11.8100004196167,11.75,11.770000457763672,1754700
2025-02-25 16:00:00-03:00,11.800000190734863,11.8100004196167,11.779999732971191,11.8100004196167,2403200
2025-02-25 16:15:00-03:00,11.779999732971191,11.8100004196167,11.770000457763672,11.800000190734863,610700
2025-02-25 16:30:00-03:00,11.779999732971191,11.789999961853027,11.770000457763672,11.779999732971191,730000
2025-02-25 16:45:00-03:00,11.770000457763672,11.779999732971191,11.75,11.779999732971191,621400
2025-02-26 10:00:00-03:00,11.829999923706055,11.9399995803833,11.829999923706055,11.899999618530273,819200
2025-02-26 10:15:00-03:00,11.75,11.850000381469727,11.75,11.829999923706055,627300
2025-02-26 10:30:00-03:00,11.65999984741211,11.760000228881836,11.65999984741211,11.760000228881836,716500
2025-02-26 10:45:00-03:00,11.65999984741211,11.699999809265137,11.649999618530273,11.65999984741211,502000
2025-02-26 11:00:00-03:00,11.680000305175781,11.710000038146973,11.640000343322754,11.65999984741211,775300
2025-02-26 11:15:00-03:00,11.649999618530273,11.680000305175781,11.630000114440918,11.680000305175781,683300
2025-02-26 11:30:00-03:00,11.630000114440918,11.710000038146973,11.630000114440918,11.649999618530273,1297400
2025-02-26 11:45:00-03:00,11.640000343322754,11.670000076293945,11.609999656677246,11.649999618530273,828800
2025-02-26 12:00:00-03:00,11.640000343322754,11.65999984741211,11.619999885559082,11.630000114440918,386000
2025-02-26 12:15:00-03:00,11.640000343322754,11.6899995803833,11.630000114440918,11.640000343322754,782000
2025-02-26 12:30:00-03:00,11.649999618530273,11.65999984741211,11.619999885559082,11.640000343322754,854400
2025-02-26 12:45:00-03:00,11.680000305175781,11.710000038146973,11.630000114440918,11.640000343322754,551000
2025-02-26 13:00:00-03:00,11.680000305175781,11.6899995803833,11.65999984741211,11.680000305175781,905300
2025-02-26 13:15:00-03:00,11.670000076293945,11.699999809265137,11.65999984741211,11.680000305175781,498300
2025-02-26 13:30:00-03:00,11.680000305175781,11.720000267028809,11.670000076293945,11.6899995803833,731000
2025-02-26 13:45:00-03:00,11.680000305175781,11.6899995803833,11.65999984741211,11.680000305175781,429200
2025-02-26 14:00:00-03:00,11.630000114440918,11.680000305175781,11.630000114440918,11.65999984741211,628700
2025-02-26 14:15:00-03:00,11.579999923706055,11.640000343322754,11.569999694824219,11.630000114440918,4622700
2025-02-26 14:30:00-03:00,11.529999732971191,11.579999923706055,11.529999732971191,11.569999694824219,719600
2025-02-26 14:45:00-03:00,11.510000228881836,11.539999961853027,11.510000228881836,11.529999732971191,1902000
2025-02-26 15:00:00-03:00,11.539999961853027,11.539999961853027,11.479999542236328,11.520000457763672,2104400
2025-02-26 15:15:00-03:00,11.529999732971191,11.550000190734863,11.520000457763672,11.539999961853027,1176400
2025-02-26 15:30:00-03:00,11.529999732971191,11.539999961853027,11.520000457763672,11.529999732971191,623800
2025-02-26 15:45:00-03:00,11.520000457763672,11.539999961853027,11.510000228881836,11.529999732971191,947500
2025-02-26 16:00:00-03:00,11.489999771118164,11.529999732971191,11.489999771118164,11.529999732971191,1422600
2025-02-26 16:15:00-03:00,11.479999542236328,11.520000457763672,11.479999542236328,11.5,2338700
2025-02-26 16:30:00-03:00,11.5,11.520000457763672,11.479999542236328,11.479999542236328,1522100
2025-02-26 16:45:00-03:00,11.520000457763672,11.529999732971191,11.5,11.5,4586800
2025-02-27 10:00:00-03:00,11.579999923706055,11.619999885559082,11.520000457763672,11.550000190734863,511900
2025-02-27 10:15:00-03:00,11.569999694824219,11.609999656677246,11.529999732971191,11.579999923706055,1633200
2025-02-27 10:30:00-03:00,11.520000457763672,11.579999923706055,11.520000457763672,11.5600004196167,1315900
2025-02-27 10:45:00-03:00,11.520000457763672,11.529999732971191,11.5,11.520000457763672,478400
2025-02-27 11:00:00-03:00,11.489999771118164,11.539999961853027,11.470000267028809,11.520000457763672,614400
2025-02-27 11:15:00-03:00,11.479999542236328,11.5,11.479999542236328,11.489999771118164,283500
2025-02-27 11:30:00-03:00,11.5600004196167,11.59000015258789,11.479999542236328,11.479999542236328,2414400
2025-02-27 11:45:00-03:00,11.550000190734863,11.579999923706055,11.539999961853027,11.5600004196167,1358200
2025-02-27 12:00:00-03:00,11.539999961853027,11.5600004196167,11.520000457763672,11.5600004196167,533000
2025-02-27 12:15:00-03:00,11.550000190734863,11.569999694824219,11.539999961853027,11.539999961853027,1683800
2025-02-27 12:30:00-03:00,11.539999961853027,11.5600004196167,11.529999732971191,11.5600004196167,2015500
2025-02-27 12:45:00-03:00,11.529999732971191,11.59000015258789,11.529999732971191,11.539999961853027,2768400
2025-02-27 13:00:00-03:00,11.539999961853027,11.550000190734863,11.520000457763672,11.539999961853027,821100
2025-02-27 13:15:00-03:00,11.529999732971191,11.5600004196167,11.529999732971191,11.550000190734863,835900
2025-02-27 13:30:00-03:00,11.510000228881836,11.550000190734863,11.5,11.539999961853027,532600
2025-02-27 13:45:00-03:00,11.539999961853027,11.550000190734863,11.5,11.510000228881836,399500
2025-02-27 14:00:00-03:00,11.550000190734863,11.5600004196167,11.529999732971191,11.529999732971191,320100
2025-02-27 14:15:00-03:00,11.539999961853027,11.579999923706055,11.539999961853027,11.550000190734863,1387900
2025-02-27 14:30:00-03:00,11.529999732971191,11.5600004196167,11.520000457763672,11.550000190734863,2820100
2025-02-27 14:45:00-03:00,11.550000190734863,11.5600004196167,11.529999732971191,11.529999732971191,622600
2025-02-27 15:00:00-03:00,11.550000190734863,11.550000190734863,11.529999732971191,11.550000190734863,603400
2025-02-27 15:15:00-03:00,11.529999732971191,11.5600004196167,11.529999732971191,11.539999961853027,882200
2025-02-27 15:30:00-03:00,11.550000190734863,11.550000190734863,11.520000457763672,11.539999961853027,1326100
2025-02-27 15:45:00-03:00,11.539999961853027,11.5600004196167,11.539999961853027,11.550000190734863,988200
2025-02-27 16:00:00-03:00,11.520000457763672,11.550000190734863,11.520000457763672,11.550000190734863,669900
2025-02-27 16:15:00-03:00,11.520000457763672,11.550000190734863,11.520000457763672,11.520000457763672,716200
2025-02-27 16:30:00-03:00,11.510000228881836,11.539999961853027,11.5,11.529999732971191,1036700
2025-02-27 16:45:00-03:00,11.5,11.520000457763672,11.489999771118164,11.510000228881836,705200
2025-02-28 10:00:00-03:00,11.4399995803833,11.479999542236328,11.399999618530273,11.449999809265137,562700
2025-02-28 10:15:00-03:00,11.380000114440918,11.449999809265137,11.369999885559082,11.4399995803833,1382500
2025-02-28 10:30:00-03:00,11.380000114440918,11.399999618530273,11.359999656677246,11.380000114440918,699400
2025-02-28 10:45:00-03:00,11.380000114440918,11.399999618530273,11.369999885559082,11.390000343322754,600700
2025-02-28 11:00:00-03:00,11.319999694824219,11.399999618530273,11.319999694824219,11.380000114440918,1510000
2025-02-28 11:15:00-03:00,11.300000190734863,11.34000015258789,11.279999732971191,11.34000015258789,1677000
2025-02-28 11:30:00-03:00,11.40999984741211,11.40999984741211,11.289999961853027,11.300000190734863,3385300
2025-02-28 11:45:00-03:00,11.359999656677246,11.40999984741211,11.359999656677246,11.399999618530273,1313500
2025-02-28 12:00:00-03:00,11.359999656677246,11.380000114440918,11.34000015258789,11.369999885559082,4689600
2025-02-28 12:15:00-03:00,11.369999885559082,11.399999618530273,11.359999656677246,11.369999885559082,1000200
2025-02-28 12:30:00-03:00,11.430000305175781,11.449999809265137,11.369999885559082,11.380000114440918,2553300
2025-02-28 12:45:00-03:00,11.399999618530273,11.4399995803833,11.380000114440918,11.430000305175781,2908300
2025-02-28 13:00:00-03:00,11.380000114440918,11.399999618530273,11.380000114440918,11.399999618530273,743500
2025-02-28 13:15:00-03:00,11.369999885559082,11.399999618530273,11.369999885559082,11.390000343322754,1262500
2025-02-28 13:30:00-03:00,11.329999923706055,11.380000114440918,11.319999694824219,11.380000114440918,1197000
2025-02-28 13:45:00-03:00,11.3100004196167,11.34000015258789,11.300000190734863,11.34000015258789,952400
2025-02-28 14:00:00-03:00,11.329999923706055,11.34000015258789,11.289999961853027,11.3100004196167,876500
2025-02-28 14:15:00-03:00,11.329999923706055,11.34000015258789,11.3100004196167,11.34000015258789,1122600
2025-02-28 14:30:00-03:00,11.300000190734863,11.34000015258789,11.300000190734863,11.329999923706055,718200
2025-02-28 14:45:00-03:00,11.300000190734863,11.3100004196167,11.270000457763672,11.3100004196167,1816700
2025-02-28 15:00:00-03:00,11.25,11.300000190734863,11.239999771118164,11.300000190734863,6936500
2025-02-28 15:15:00-03:00,11.239999771118164,11.260000228881836,11.210000038146973,11.239999771118164,1657800
2025-02-28 15:30:00-03:00,11.239999771118164,11.270000457763672,11.229999542236328,11.239999771118164,3032700
2025-02-28 15:45:00-03:00,11.229999542236328,11.260000228881836,11.229999542236328,11.239999771118164,1366500
2025-02-28 16:00:00-03:00,11.260000228881836,11.270000457763672,11.229999542236328,11.239999771118164,5314200
2025-02-28 16:15:00-03:00,11.25,11.279999732971191,11.25,11.260000228881836,1487700
2025-02-28 16:30:00-03:00,11.25,11.260000228881836,11.229999542236328,11.260000228881836,934500
2025-02-28 16:45:00-03:00,11.25,11.260000228881836,11.229999542236328,11.239999771118164,1332600
2025-03-05 13:15:00-03:00,11.380000114440918,11.470000267028809,11.239999771118164,11.239999771118164,4739700
2025-03-05 13:30:00-03:00,11.359999656677246,11.420000076293945,11.350000381469727,11.380000114440918,1452900
2025-03-05 13:45:00-03:00,11.350000381469727,11.380000114440918,11.319999694824219,11.359999656677246,923000
2025-03-05 14:00:00-03:00,11.390000343322754,11.420000076293945,11.329999923706055,11.350000381469727,5249400
2025-03-05 14:15:00-03:00,11.380000114440918,11.420000076293945,11.380000114440918,11.390000343322754,487400
2025-03-05 14:30:00-03:00,11.420000076293945,11.4399995803833,11.369999885559082,11.390000343322754,611900
2025-03-05 14:45:00-03:00,11.40999984741211,11.430000305175781,11.380000114440918,11.420000076293945,916000
2025-03-05 15:00:00-03:00,11.449999809265137,11.470000267028809,11.390000343322754,11.399999618530273,1899800
2025-03-05 15:15:00-03:00,11.5,11.5,11.449999809265137,11.449999809265137,1060800
2025-03-05 15:30:00-03:00,11.460000038146973,11.5,11.449999809265137,11.489999771118164,2150600
2025-03-05 15:45:00-03:00,11.4399995803833,11.5,11.4399995803833,11.460000038146973,3546000
2025-03-05 16:00:00-03:00,11.479999542236328,11.479999542236328,11.4399995803833,11.4399995803833,1074500
2025-03-05 16:15:00-03:00,11.479999542236328,11.489999771118164,11.460000038146973,11.470000267028809,726400
2025-03-05 16:30:00-03:00,11.489999771118164,11.489999771118164,11.460000038146973,11.479999542236328,653300
2025-03-05 16:45:00-03:00,11.510000228881836,11.529999732971191,11.470000267028809,11.479999542236328,1290600
2025-03-05 17:00:00-03:00,11.489999771118164,11.539999961853027,11.489999771118164,11.510000228881836,2019400
2025-03-05 17:15:00-03:00,11.489999771118164,11.5,11.470000267028809,11.489999771118164,1403900
2025-03-05 17:30:00-03:00,11.529999732971191,11.550000190734863,11.489999771118164,11.489999771118164,2426100
2025-03-05 17:45:00-03:00,11.539999961853027,11.539999961853027,11.5,11.539999961853027,829100
2025-03-06 10:00:00-03:00,11.34000015258789,11.420000076293945,11.329999923706055,11.420000076293945,1055700
2025-03-06 10:15:00-03:00,11.319999694824219,11.359999656677246,11.289999961853027,11.359999656677246,646800
2025-03-06 10:30:00-03:00,11.359999656677246,11.390000343322754,11.3100004196167,11.3100004196167,730800
2025-03-06 10:45:00-03:00,11.350000381469727,11.369999885559082,11.329999923706055,11.359999656677246,776500
2025-03-06 11:00:00-03:00,11.350000381469727,11.380000114440918,11.34000015258789,11.350000381469727,1153200
2025-03-06 11:15:00-03:00,11.350000381469727,11.369999885559082,11.319999694824219,11.34000015258789,556700
2025-03-06 11:30:00-03:00,11.430000305175781,11.449999809265137,11.34000015258789,11.350000381469727,2348900
2025-03-06 11:45:00-03:00,11.460000038146973,11.470000267028809,11.40999984741211,11.430000305175781,4962500
2025-03-06 12:00:00-03:00,11.569999694824219,11.59000015258789,11.460000038146973,11.470000267028809,2708800
2025-03-06 12:15:00-03:00,11.59000015258789,11.619999885559082,11.5600004196167,11.569999694824219,2780100
2025-03-06 12:30:00-03:00,11.59000015258789,11.609999656677246,11.5,11.579999923706055,2406800
2025-03-06 12:45:00-03:00,11.539999961853027,11.579999923706055,11.529999732971191,11.569999694824219,919700
2025-03-06 13:00:00-03:00,11.5600004196167,11.59000015258789,11.539999961853027,11.550000190734863,1483700
2025-03-06 13:15:00-03:00,11.5600004196167,11.579999923706055,11.529999732971191,11.569999694824219,1282900
2025-03-06 13:30:00-03:00,11.5,11.579999923706055,11.489999771118164,11.5600004196167,1225500
2025-03-06 13:45:00-03:00,11.510000228881836,11.5600004196167,11.489999771118164,11.510000228881836,895500
2025-03-06 14:00:00-03:00,11.529999732971191,11.539999961853027,11.489999771118164,11.510000228881836,877400
2025-03-06 14:15:00-03:00,11.529999732971191,11.569999694824219,11.520000457763672,11.539999961853027,731200
2025-03-06 14:30:00-03:00,11.529999732971191,11.550000190734863,11.520000457763672,11.529999732971191,834500
2025-03-06 14:45:00-03:00,11.520000457763672,11.539999961853027,11.510000228881836,11.539999961853027,553100
2025-03-06 15:00:00-03:00,11.510000228881836,11.539999961853027,11.510000228881836,11.529999732971191,672200
2025-03-06 15:15:00-03:00,11.520000457763672,11.539999961853027,11.510000228881836,11.510000228881836,615400
2025-03-06 15:30:00-03:00,11.569999694824219,11.569999694824219,11.520000457763672,11.529999732971191,979400
2025-03-06 15:45:00-03:00,11.550000190734863,11.600000381469727,11.539999961853027,11.5600004196167,748000
2025-03-06 16:00:00-03:00,11.5,11.5600004196167,11.470000267028809,11.5600004196167,828300
2025-03-06 16:15:00-03:00,11.5,11.520000457763672,11.470000267028809,11.5,1093400
2025-03-06 16:30:00-03:00,11.529999732971191,11.539999961853027,11.489999771118164,11.5,963700
2025-03-06 16:45:00-03:00,11.529999732971191,11.539999961853027,11.520000457763672,11.529999732971191,864100
2025-03-07 10:00:00-03:00,11.449999809265137,11.5,11.430000305175781,11.479999542236328,607900
2025-03-07 10:15:00-03:00,11.460000038146973,11.479999542236328,11.420000076293945,11.460000038146973,404100
2025-03-07 10:30:00-03:00,11.430000305175781,11.520000457763672,11.420000076293945,11.460000038146973,747400
2025-03-07 10:45:00-03:00,11.470000267028809,11.489999771118164,11.420000076293945,11.430000305175781,265700
2025-03-07 11:00:00-03:00,11.470000267028809,11.569999694824219,11.449999809265137,11.460000038146973,739900
2025-03-07 11:15:00-03:00,11.529999732971191,11.539999961853027,11.460000038146973,11.470000267028809,656200
2025-03-07 11:30:00-03:00,11.630000114440918,11.649999618530273,11.529999732971191,11.529999732971191,1774200
2025-03-07 11:45:00-03:00,11.640000343322754,11.680000305175781,11.619999885559082,11.630000114440918,603100
2025-03-07 12:00:00-03:00,11.699999809265137,11.720000267028809,11.640000343322754,11.640000343322754,479600
2025-03-07 12:15:00-03:00,11.699999809265137,11.729999542236328,11.6899995803833,11.710000038146973,435400
2025-03-07 12:30:00-03:00,11.710000038146973,11.710000038146973,11.649999618530273,11.6899995803833,504300
2025-03-07 12:45:00-03:00,11.699999809265137,11.75,11.6899995803833,11.699999809265137,808400
2025-03-07 13:00:00-03:00,11.699999809265137,11.720000267028809,11.6899995803833,11.699999809265137,256500
2025-03-07 13:15:00-03:00,11.670000076293945,11.720000267028809,11.670000076293945,11.699999809265137,415400
2025-03-07 13:30:00-03:00,11.6899995803833,11.699999809265137,11.65999984741211,11.670000076293945,249000
2025-03-07 13:45:00-03:00,11.710000038146973,11.720000267028809,11.670000076293945,11.680000305175781,606800
2025-03-07 14:00:00-03:00,11.739999771118164,11.75,11.6899995803833,11.710000038146973,880800
2025-03-07 14:15:00-03:00,11.779999732971191,11.779999732971191,11.720000267028809,11.729999542236328,760000
2025-03-07 14:30:00-03:00,11.779999732971191,11.800000190734863,11.75,11.770000457763672,988900
2025-03-07 14:45:00-03:00,11.739999771118164,11.779999732971191,11.739999771118164,11.760000228881836,1262000
2025-03-07 15:00:00-03:00,11.779999732971191,11.789999961853027,11.729999542236328,11.739999771118164,806000
2025-03-07 15:15:00-03:00,11.779999732971191,11.789999961853027,11.760000228881836,11.770000457763672,431900
2025-03-07 15:30:00-03:00,11.710000038146973,11.779999732971191,11.670000076293945,11.760000228881836,1732900
2025-03-07 15:45:00-03:00,11.699999809265137,11.729999542236328,11.6899995803833,11.699999809265137,538000
2025-03-07 16:00:00-03:00,11.770000457763672,11.779999732971191,11.699999809265137,11.699999809265137,794400
2025-03-07 16:15:00-03:00,11.760000228881836,11.800000190734863,11.729999542236328,11.75,947900
2025-03-07 16:30:00-03:00,11.75,11.789999961853027,11.720000267028809,11.779999732971191,1976200
2025-03-07 16:45:00-03:00,11.779999732971191,11.779999732971191,11.739999771118164,11.75,1324700
2025-03-10 10:00:00-03:00,11.550000190734863,11.619999885559082,11.529999732971191,11.5600004196167,595300
2025-03-10 10:15:00-03:00,11.520000457763672,11.5600004196167,11.520000457763672,11.539999961853027,529700
2025-03-10 10:30:00-03:00,11.479999542236328,11.569999694824219,11.460000038146973,11.520000457763672,3352800
2025-03-10 10:45:00-03:00,11.460000038146973,11.489999771118164,11.449999809265137,11.470000267028809,1320400
2025-03-10 11:00:00-03:00,11.449999809265137,11.5,11.4399995803833,11.460000038146973,1839100
2025-03-10 11:15:00-03:00,11.449999809265137,11.460000038146973,11.420000076293945,11.449999809265137,937400
2025-03-10 11:30:00-03:00,11.4399995803833,11.449999809265137,11.420000076293945,11.4399995803833,901100
2025-03-10 11:45:00-03:00,11.460000038146973,11.479999542236328,11.4399995803833,11.4399995803833,2150700
2025-03-10 12:00:00-03:00,11.5,11.529999732971191,11.449999809265137,11.449999809265137,1117000
2025-03-10 12:15:00-03:00,11.479999542236328,11.550000190734863,11.470000267028809,11.5,2166900
2025-03-10 12:30:00-03:00,11.479999542236328,11.5,11.460000038146973,11.479999542236328,1424800
2025-03-10 12:45:00-03:00,11.460000038146973,11.5,11.460000038146973,11.470000267028809,1262300
2025-03-10 13:00:00-03:00,11.470000267028809,11.479999542236328,11.449999809265137,11.460000038146973,781600
2025-03-10 13:15:00-03:00,11.4399995803833,11.489999771118164,11.4399995803833,11.460000038146973,1402900
2025-03-10 13:30:00-03:00,11.479999542236328,11.479999542236328,11.4399995803833,11.4399995803833,1234900
2025-03-10 13:45:00-03:00,11.449999809265137,11.479999542236328,11.449999809265137,11.470000267028809,387400
2025-03-10 14:00:00-03:00,11.5,11.5,11.4399995803833,11.449999809265137,2769300
2025-03-10 14:15:00-03:00,11.489999771118164,11.5,11.470000267028809,11.489999771118164,569100
2025-03-10 14:30:00-03:00,11.460000038146973,11.489999771118164,11.449999809265137,11.479999542236328,932000
2025-03-10 14:45:00-03:00,11.460000038146973,11.479999542236328,11.449999809265137,11.460000038146973,1382000
2025-03-10 15:00:00-03:00,11.460000038146973,11.489999771118164,11.449999809265137,11.460000038146973,1589200
2025-03-10 15:15:00-03:00,11.4399995803833,11.479999542236328,11.4399995803833,11.460000038146973,1251200
2025-03-10 15:30:00-03:00,11.460000038146973,11.470000267028809,11.4399995803833,11.4399995803833,1411000
2025-03-10 15:45:00-03:00,11.449999809265137,11.470000267028809,11.430000305175781,11.460000038146973,992200
2025-03-10 16:00:00-03:00,11.449999809265137,11.470000267028809,11.430000305175781,11.4399995803833,1120000
2025-03-10 16:15:00-03:00,11.489999771118164,11.5,11.449999809265137,11.449999809265137,1288000
2025-03-10 16:30:00-03:00,11.489999771118164,11.5,11.470000267028809,11.5,1221800
2025-03-10 16:45:00-03:00,11.5,11.520000457763672,11.479999542236328,11.479999542236328,1441400
2025-03-11 10:00:00-03:00,11.529999732971191,11.550000190734863,11.479999542236328,11.529999732971191,574100
2025-03-11 10:15:00-03:00,11.449999809265137,11.550000190734863,11.430000305175781,11.529999732971191,1013900
2025-03-11 10:30:00-03:00,11.470000267028809,11.489999771118164,11.430000305175781,11.449999809265137,1104200
2025-03-11 10:45:00-03:00,11.399999618530273,11.479999542236328,11.390000343322754,11.470000267028809,2937800
2025-03-11 11:00:00-03:00,11.390000343322754,11.420000076293945,11.369999885559082,11.399999618530273,1842400
2025-03-11 11:15:00-03:00,11.390000343322754,11.399999618530273,11.369999885559082,11.390000343322754,980100
2025-03-11 11:30:00-03:00,11.390000343322754,11.399999618530273,11.380000114440918,11.380000114440918,362000
2025-03-11 11:45:00-03:00,11.390000343322754,11.420000076293945,11.380000114440918,11.390000343322754,366800
2025-03-11 12:00:00-03:00,11.420000076293945,11.430000305175781,11.369999885559082,11.380000114440918,1126600
2025-03-11 12:15:00-03:00,11.399999618530273,11.430000305175781,11.369999885559082,11.399999618530273,2372800
2025-03-11 12:30:00-03:00,11.399999618530273,11.40999984741211,11.369999885559082,11.390000343322754,443000
2025-03-11 12:45:00-03:00,11.34000015258789,11.399999618530273,11.329999923706055,11.390000343322754,2264500
2025-03-11 13:00:00-03:00,11.270000457763672,11.350000381469727,11.270000457763672,11.329999923706055,2518400
2025-03-11 13:15:00-03:00,11.300000190734863,11.3100004196167,11.270000457763672,11.270000457763672,1214900
2025-03-11 13:30:00-03:00,11.329999923706055,11.34000015258789,11.279999732971191,11.289999961853027,1674300
2025-03-11 13:45:00-03:00,11.359999656677246,11.380000114440918,11.319999694824219,11.329999923706055,2191400
2025-03-11 14:00:00-03:00,11.34000015258789,11.369999885559082,11.3100004196167,11.369999885559082,769700
2025-03-11 14:15:00-03:00,11.289999961853027,11.350000381469727,11.289999961853027,11.329999923706055,653000
2025-03-11 14:30:00-03:00,11.3100004196167,11.319999694824219,11.289999961853027,11.300000190734863,647500
2025-03-11 14:45:00-03:00,11.319999694824219,11.329999923706055,11.289999961853027,11.289999961853027,412100
2025-03-11 15:00:00-03:00,11.359999656677246,11.369999885559082,11.319999694824219,11.329999923706055,806700
2025-03-11 15:15:00-03:00,11.369999885559082,11.390000343322754,11.34000015258789,11.350000381469727,2268400
2025-03-11 15:30:00-03:00,11.380000114440918,11.399999618530273,11.369999885559082,11.369999885559082,1973100
2025-03-11 15:45:00-03:00,11.380000114440918,11.390000343322754,11.359999656677246,11.380000114440918,583600
2025-03-11 16:00:00-03:00,11.4399995803833,11.460000038146973,11.369999885559082,11.380000114440918,1504000
2025-03-11 16:15:00-03:00,11.460000038146973,11.489999771118164,11.430000305175781,11.4399995803833,2414200
2025-03-11 16:30:00-03:00,11.460000038146973,11.510000228881836,11.4399995803833,11.470000267028809,2110000
2025-03-11 16:45:00-03:00,11.449999809265137,11.460000038146973,11.430000305175781,11.460000038146973,2535900
2025-03-12 10:00:00-03:00,11.470000267028809,11.520000457763672,11.4399995803833,11.460000038146973,336900
2025-03-12 10:15:00-03:00,11.420000076293945,11.479999542236328,11.399999618530273,11.449999809265137,378800
2025-03-12 10:30:00-03:00,11.460000038146973,11.489999771118164,11.420000076293945,11.420000076293945,406200
2025-03-12 10:45:00-03:00,11.470000267028809,11.520000457763672,11.449999809265137,11.460000038146973,1234100
2025-03-12 11:00:00-03:00,11.4399995803833,11.489999771118164,11.4399995803833,11.470000267028809,252400
2025-03-12 11:15:00-03:00,11.479999542236328,11.489999771118164,11.430000305175781,11.430000305175781,435500
2025-03-12 11:30:00-03:00,11.5,11.510000228881836,11.449999809265137,11.479999542236328,801700
2025-03-12 11:45:00-03:00,11.470000267028809,11.5,11.449999809265137,11.489999771118164,2421400
2025-03-12 12:00:00-03:00,11.460000038146973,11.489999771118164,11.449999809265137,11.470000267028809,921700
2025-03-12 12:15:00-03:00,11.460000038146973,11.479999542236328,11.4399995803833,11.460000038146973,892000
2025-03-12 12:30:00-03:00,11.449999809265137,11.479999542236328,11.449999809265137,11.460000038146973,698000
2025-03-12 12:45:00-03:00,11.40999984741211,11.470000267028809,11.40999984741211,11.460000038146973,1099900
2025-03-12 13:00:00-03:00,11.4399995803833,11.4399995803833,11.390000343322754,11.420000076293945,522700
2025-03-12 13:15:00-03:00,11.470000267028809,11.479999542236328,11.430000305175781,11.4399995803833,2114200
2025-03-12 13:30:00-03:00,11.449999809265137,11.479999542236328,11.449999809265137,11.470000267028809,600000
2025-03-12 13:45:00-03:00,11.4399995803833,11.470000267028809,11.430000305175781,11.460000038146973,560800
2025-03-12 14:00:00-03:00,11.40999984741211,11.449999809265137,11.390000343322754,11.430000305175781,1956700
2025-03-12 14:15:00-03:00,11.420000076293945,11.430000305175781,11.399999618530273,11.40999984741211,608200
2025-03-12 14:30:00-03:00,11.390000343322754,11.420000076293945,11.380000114440918,11.399999618530273,418800
2025-03-12 14:45:00-03:00,11.359999656677246,11.399999618530273,11.359999656677246,11.390000343322754,454200
2025-03-12 15:00:00-03:00,11.399999618530273,11.40999984741211,11.329999923706055,11.359999656677246,1283600
2025-03-12 15:15:00-03:00,11.399999618530273,11.40999984741211,11.380000114440918,11.390000343322754,601100
2025-03-12 15:30:00-03:00,11.399999618530273,11.430000305175781,11.380000114440918,11.390000343322754,899400
2025-03-12 15:45:00-03:00,11.390000343322754,11.40999984741211,11.369999885559082,11.390000343322754,865400
2025-03-12 16:00:00-03:00,11.390000343322754,11.399999618530273,11.369999885559082,11.380000114440918,1069700
2025-03-12 16:15:00-03:00,11.399999618530273,11.40999984741211,11.369999885559082,11.390000343322754,3595000
2025-03-12 16:30:00-03:00,11.430000305175781,11.4399995803833,11.390000343322754,11.390000343322754,3588000
2025-03-12 16:45:00-03:00,11.430000305175781,11.449999809265137,11.40999984741211,11.420000076293945,418600
2025-03-13 10:00:00-03:00,11.40999984741211,11.5,11.399999618530273,11.460000038146973,282900
2025-03-13 10:15:00-03:00,11.40999984741211,11.460000038146973,11.390000343322754,11.420000076293945,557900
2025-03-13 10:30:00-03:00,11.4399995803833,11.479999542236328,11.40999984741211,11.420000076293945,1826400
2025-03-13 10:45:00-03:00,11.399999618530273,11.460000038146973,11.399999618530273,11.430000305175781,1187000
2025-03-13 11:00:00-03:00,11.449999809265137,11.470000267028809,11.399999618530273,11.399999618530273,2063000
2025-03-13 11:15:00-03:00,11.510000228881836,11.529999732971191,11.449999809265137,11.449999809265137,939100
2025-03-13 11:30:00-03:00,11.529999732971191,11.550000190734863,11.5,11.510000228881836,675800
2025-03-13 11:45:00-03:00,11.539999961853027,11.5600004196167,11.529999732971191,11.539999961853027,415900
2025-03-13 12:00:00-03:00,11.550000190734863,11.5600004196167,11.520000457763672,11.550000190734863,479900
2025-03-13 12:15:00-03:00,11.600000381469727,11.609999656677246,11.539999961853027,11.550000190734863,1408400
2025-03-13 12:30:00-03:00,11.630000114440918,11.649999618530273,11.600000381469727,11.600000381469727,1183300
2025-03-13 12:45:00-03:00,11.630000114440918,11.649999618530273,11.619999885559082,11.630000114440918,395400
2025-03-13 13:00:00-03:00,11.630000114440918,11.640000343322754,11.609999656677246,11.630000114440918,1169200
2025-03-13 13:15:00-03:00,11.65999984741211,11.65999984741211,11.609999656677246,11.630000114440918,481700
2025-03-13 13:30:00-03:00,11.640000343322754,11.680000305175781,11.630000114440918,11.65999984741211,1114500
2025-03-13 13:45:00-03:00,11.65999984741211,11.680000305175781,11.609999656677246,11.619999885559082,2082700
2025-03-13 14:00:00-03:00,11.680000305175781,11.6899995803833,11.649999618530273,11.65999984741211,495700
2025-03-13 14:15:00-03:00,11.649999618530273,11.680000305175781,11.640000343322754,11.680000305175781,436200
2025-03-13 14:30:00-03:00,11.649999618530273,11.670000076293945,11.640000343322754,11.649999618530273,543400
2025-03-13 14:45:00-03:00,11.65999984741211,11.670000076293945,11.640000343322754,11.649999618530273,605300
2025-03-13 15:00:00-03:00,11.680000305175781,11.680000305175781,11.649999618530273,11.65999984741211,862700
2025-03-13 15:15:00-03:00,11.670000076293945,11.680000305175781,11.640000343322754,11.680000305175781,703100
2025-03-13 15:30:00-03:00,11.65999984741211,11.680000305175781,11.640000343322754,11.65999984741211,522800
2025-03-13 15:45:00-03:00,11.670000076293945,11.670000076293945,11.640000343322754,11.65999984741211,1710000
2025-03-13 16:00:00-03:00,11.699999809265137,11.699999809265137,11.649999618530273,11.670000076293945,1547800
2025-03-13 16:15:00-03:00,11.6899995803833,11.699999809265137,11.680000305175781,11.6899995803833,323800
2025-03-13 16:30:00-03:00,11.699999809265137,11.720000267028809,11.65999984741211,11.680000305175781,2971900
2025-03-13 16:45:00-03:00,11.649999618530273,11.699999809265137,11.640000343322754,11.699999809265137,3076300
2025-03-14 10:00:00-03:00,11.819999694824219,11.859999656677246,11.6899995803833,11.720000267028809,1903300
2025-03-14 10:15:00-03:00,11.829999923706055,11.869999885559082,11.800000190734863,11.829999923706055,1403300
2025-03-14 10:30:00-03:00,11.880000114440918,11.930000305175781,11.800000190734863,11.819999694824219,3160200
2025-03-14 10:45:00-03:00,11.890000343322754,11.920000076293945,11.869999885559082,11.880000114440918,3454700
2025-03-14 11:00:00-03:00,12.020000457763672,12.029999732971191,11.869999885559082,11.880000114440918,3188000
2025-03-14 11:15:00-03:00,12.020000457763672,12.050000190734863,11.989999771118164,12.010000228881836,2255600
2025-03-14 11:30:00-03:00,12.050000190734863,12.050000190734863,12.020000457763672,12.020000457763672,748200
2025-03-14 11:45:00-03:00,12.039999961853027,12.050000190734863,12.020000457763672,12.039999961853027,869800
2025-03-14 12:00:00-03:00,12.069999694824219,12.09000015258789,12.020000457763672,12.029999732971191,1496500
2025-03-14 12:15:00-03:00,12.0600004196167,12.09000015258789,12.020000457763672,12.0600004196167,974200
2025-03-14 12:30:00-03:00,12.069999694824219,12.100000381469727,12.050000190734863,12.0600004196167,1080200
2025-03-14 12:45:00-03:00,12.079999923706055,12.09000015258789,12.0600004196167,12.069999694824219,635000
2025-03-14 13:00:00-03:00,12.069999694824219,12.09000015258789,12.050000190734863,12.0600004196167,594700
2025-03-14 13:15:00-03:00,12.020000457763672,12.09000015258789,12.020000457763672,12.069999694824219,1180400
2025-03-14 13:30:00-03:00,12.050000190734863,12.069999694824219,12.020000457763672,12.020000457763672,591200
2025-03-14 13:45:00-03:00,12.039999961853027,12.050000190734863,12.010000228881836,12.039999961853027,722300
2025-03-14 14:00:00-03:00,12.050000190734863,12.0600004196167,12.020000457763672,12.029999732971191,292100
2025-03-14 14:15:00-03:00,12.079999923706055,12.079999923706055,12.050000190734863,12.0600004196167,671000
2025-03-14 14:30:00-03:00,12.069999694824219,12.079999923706055,12.050000190734863,12.079999923706055,277500
2025-03-14 14:45:00-03:00,12.09000015258789,12.100000381469727,12.0600004196167,12.0600004196167,1509100
2025-03-14 15:00:00-03:00,12.109999656677246,12.109999656677246,12.069999694824219,12.079999923706055,1051700
2025-03-14 15:15:00-03:00,12.130000114440918,12.149999618530273,12.100000381469727,12.109999656677246,842100
2025-03-14 15:30:00-03:00,12.149999618530273,12.15999984741211,12.130000114440918,12.149999618530273,1000900
2025-03-14 15:45:00-03:00,12.130000114440918,12.15999984741211,12.130000114440918,12.15999984741211,566900
2025-03-14 16:00:00-03:00,12.170000076293945,12.199999809265137,12.130000114440918,12.130000114440918,940400
2025-03-14 16:15:00-03:00,12.130000114440918,12.199999809265137,12.130000114440918,12.170000076293945,1959100
2025-03-14 16:30:00-03:00,12.119999885559082,12.15999984741211,12.109999656677246,12.130000114440918,1371100
2025-03-14 16:45:00-03:00,12.119999885559082,12.140000343322754,12.109999656677246,12.119999885559082,2014200
2025-03-17 10:00:00-03:00,12.15999984741211,12.199999809265137,12.130000114440918,12.140000343322754,408200
2025-03-17 10:15:00-03:00,12.270000457763672,12.279999732971191,12.15999984741211,12.170000076293945,1062800
2025-03-17 10:30:00-03:00,12.260000228881836,12.329999923706055,12.25,12.270000457763672,1229000
2025-03-17 10:45:00-03:00,12.25,12.3100004196167,12.210000038146973,12.279999732971191,1450000
2025-03-17 11:00:00-03:00,12.229999542236328,12.300000190734863,12.220000267028809,12.25,1175800
2025-03-17 11:15:00-03:00,12.239999771118164,12.260000228881836,12.1899995803833,12.229999542236328,605800
2025-03-17 11:30:00-03:00,12.270000457763672,12.270000457763672,12.220000267028809,12.25,466800
2025-03-17 11:45:00-03:00,12.229999542236328,12.329999923706055,12.229999542236328,12.270000457763672,1608500
2025-03-17 12:00:00-03:00,12.289999961853027,12.329999923706055,12.229999542236328,12.25,1153000
2025-03-17 12:15:00-03:00,12.34000015258789,12.359999656677246,12.289999961853027,12.300000190734863,776500
2025-03-17 12:30:00-03:00,12.329999923706055,12.369999885559082,12.319999694824219,12.329999923706055,507200
2025-03-17 12:45:00-03:00,12.329999923706055,12.34000015258789,12.3100004196167,12.34000015258789,258500
2025-03-17 13:00:00-03:00,12.34000015258789,12.350000381469727,12.300000190734863,12.319999694824219,474000
2025-03-17 13:15:00-03:00,12.279999732971191,12.34000015258789,12.279999732971191,12.329999923706055,416700
2025-03-17 13:30:00-03:00,12.319999694824219,12.34000015258789,12.279999732971191,12.289999961853027,413300
2025-03-17 13:45:00-03:00,12.319999694824219,12.329999923706055,12.300000190734863,12.319999694824219,157300
2025-03-17 14:00:00-03:00,12.319999694824219,12.34000015258789,12.300000190734863,12.329999923706055,350300
2025-03-17 14:15:00-03:00,12.3100004196167,12.34000015258789,12.3100004196167,12.34000015258789,304900
2025-03-17 14:30:00-03:00,12.3100004196167,12.34000015258789,12.300000190734863,12.3100004196167,391200
2025-03-17 14:45:00-03:00,12.34000015258789,12.359999656677246,12.300000190734863,12.3100004196167,758800
2025-03-17 15:00:00-03:00,12.350000381469727,12.380000114440918,12.329999923706055,12.34000015258789,1007600
2025-03-17 15:15:00-03:00,12.359999656677246,12.380000114440918,12.350000381469727,12.350000381469727,303200
2025-03-17 15:30:00-03:00,12.359999656677246,12.380000114440918,12.350000381469727,12.369999885559082,403400
2025-03-17 15:45:00-03:00,12.369999885559082,12.380000114440918,12.350000381469727,12.359999656677246,458600
2025-03-17 16:00:00-03:00,12.369999885559082,12.380000114440918,12.350000381469727,12.359999656677246,537500
2025-03-17 16:15:00-03:00,12.380000114440918,12.40999984741211,12.359999656677246,12.369999885559082,1760900
2025-03-17 16:30:00-03:00,12.350000381469727,12.390000343322754,12.350000381469727,12.380000114440918,1622000
2025-03-17 16:45:00-03:00,12.34000015258789,12.369999885559082,12.319999694824219,12.350000381469727,752600
2025-03-18 10:00:00-03:00,12.329999923706055,12.369999885559082,12.3100004196167,12.34000015258789,243500
2025-03-18 10:15:00-03:00,12.350000381469727,12.350000381469727,12.239999771118164,12.319999694824219,425900
2025-03-18 10:30:00-03:00,12.229999542236328,12.359999656677246,12.229999542236328,12.350000381469727,2175500
2025-03-18 10:45:00-03:00,12.229999542236328,12.270000457763672,12.220000267028809,12.229999542236328,1531700
2025-03-18 11:00:00-03:00,12.279999732971191,12.300000190734863,12.229999542236328,12.229999542236328,489700
2025-03-18 11:15:00-03:00,12.300000190734863,12.3100004196167,12.270000457763672,12.289999961853027,363700
2025-03-18 11:30:00-03:00,12.319999694824219,12.319999694824219,12.279999732971191,12.300000190734863,297400
2025-03-18 11:45:00-03:00,12.319999694824219,12.329999923706055,12.279999732971191,12.319999694824219,317600
2025-03-18 12:00:00-03:00,12.350000381469727,12.350000381469727,12.289999961853027,12.3100004196167,811700
2025-03-18 12:15:00-03:00,12.3100004196167,12.380000114440918,12.3100004196167,12.350000381469727,477900
2025-03-18 12:30:00-03:00,12.34000015258789,12.34000015258789,12.3100004196167,12.3100004196167,620000
2025-03-18 12:45:00-03:00,12.319999694824219,12.369999885559082,12.319999694824219,12.34000015258789,577600
2025-03-18 13:00:00-03:00,12.369999885559082,12.380000114440918,12.319999694824219,12.34000015258789,776000
2025-03-18 13:15:00-03:00,12.359999656677246,12.380000114440918,12.34000015258789,12.369999885559082,249400
2025-03-18 13:30:00-03:00,12.369999885559082,12.380000114440918,12.350000381469727,12.369999885559082,191800
2025-03-18 13:45:00-03:00,12.350000381469727,12.380000114440918,12.329999923706055,12.369999885559082,241100
2025-03-18 14:00:00-03:00,12.359999656677246,12.369999885559082,12.329999923706055,12.350000381469727,256700
2025-03-18 14:15:00-03:00,12.390000343322754,12.390000343322754,12.329999923706055,12.350000381469727,485500
2025-03-18 14:30:00-03:00,12.380000114440918,12.399999618530273,12.369999885559082,12.390000343322754,513400
2025-03-18 14:45:00-03:00,12.390000343322754,12.399999618530273,12.359999656677246,12.380000114440918,599200
2025-03-18 15:00:00-03:00,12.34000015258789,12.399999618530273,12.329999923706055,12.399999618530273,970700
2025-03-18 15:15:00-03:00,12.329999923706055,12.359999656677246,12.329999923706055,12.34000015258789,267500
2025-03-18 15:30:00-03:00,12.359999656677246,12.380000114440918,12.329999923706055,12.34000015258789,559600
2025-03-18 15:45:00-03:00,12.359999656677246,12.380000114440918,12.34000015258789,12.359999656677246,609500
2025-03-18 16:00:00-03:00,12.350000381469727,12.369999885559082,12.34000015258789,12.350000381469727,638300
2025-03-18 16:15:00-03:00,12.350000381469727,12.359999656677246,12.329999923706055,12.350000381469727,860500
2025-03-18 16:30:00-03:00,12.329999923706055,12.359999656677246,12.3100004196167,12.350000381469727,934100
2025-03-18 16:45:00-03:00,12.34000015258789,12.350000381469727,12.300000190734863,12.319999694824219,483700
2025-03-19 10:00:00-03:00,12.289999961853027,12.3100004196167,12.220000267028809,12.300000190734863,242000
2025-03-19 10:15:00-03:00,12.369999885559082,12.390000343322754,12.279999732971191,12.289999961853027,359200
2025-03-19 10:30:00-03:00,12.350000381469727,12.380000114440918,12.300000190734863,12.369999885559082,1405900
2025-03-19 10:45:00-03:00,12.34000015258789,12.369999885559082,12.329999923706055,12.350000381469727,581000
2025-03-19 11:00:00-03:00,12.399999618530273,12.40999984741211,12.329999923706055,12.34000015258789,1668300
2025-03-19 11:15:00-03:00,12.420000076293945,12.4399995803833,12.369999885559082,12.390000343322754,692100
2025-03-19 11:30:00-03:00,12.430000305175781,12.449999809265137,12.40999984741211,12.430000305175781,620100
2025-03-19 11:45:00-03:00,12.40999984741211,12.449999809265137,12.399999618530273,12.4399995803833,701100
2025-03-19 12:00:00-03:00,12.40999984741211,12.430000305175781,12.390000343322754,12.40999984741211,313900
2025-03-19 12:15:00-03:00,12.390000343322754,12.420000076293945,12.380000114440918,12.420000076293945,346600
2025-03-19 12:30:00-03:00,12.40999984741211,12.4399995803833,12.369999885559082,12.390000343322754,786200
2025-03-19 12:45:00-03:00,12.40999984741211,12.449999809265137,12.40999984741211,12.40999984741211,1039900
2025-03-19 13:00:00-03:00,12.430000305175781,12.4399995803833,12.399999618530273,12.40999984741211,977300
2025-03-19 13:15:00-03:00,12.420000076293945,12.460000038146973,12.420000076293945,12.420000076293945,586800
2025-03-19 13:30:00-03:00,12.460000038146973,12.460000038146973,12.420000076293945,12.420000076293945,570100
2025-03-19 13:45:00-03:00,12.4399995803833,12.460000038146973,12.430000305175781,12.449999809265137,449000
2025-03-19 14:00:00-03:00,12.4399995803833,12.460000038146973,12.420000076293945,12.4399995803833,452500
2025-03-19 14:15:00-03:00,12.430000305175781,12.449999809265137,12.420000076293945,12.449999809265137,369100
2025-03-19 14:30:00-03:00,12.460000038146973,12.470000267028809,12.430000305175781,12.430000305175781,565800
2025-03-19 14:45:00-03:00,12.430000305175781,12.460000038146973,12.399999618530273,12.449999809265137,711400
2025-03-19 15:00:00-03:00,12.40999984741211,12.449999809265137,12.399999618530273,12.40999984741211,1182000
2025-03-19 15:15:00-03:00,12.430000305175781,12.449999809265137,12.40999984741211,12.40999984741211,778400
2025-03-19 15:30:00-03:00,12.420000076293945,12.4399995803833,12.40999984741211,12.430000305175781,867600
2025-03-19 15:45:00-03:00,12.479999542236328,12.5,12.420000076293945,12.420000076293945,1177500
2025-03-19 16:00:00-03:00,12.449999809265137,12.5,12.449999809265137,12.479999542236328,847200
2025-03-19 16:15:00-03:00,12.4399995803833,12.489999771118164,12.430000305175781,12.449999809265137,935600
2025-03-19 16:30:00-03:00,12.420000076293945,12.529999732971191,12.40999984741211,12.449999809265137,1927500
2025-03-19 16:45:00-03:00,12.449999809265137,12.460000038146973,12.420000076293945,12.420000076293945,415300
2025-03-20 10:00:00-03:00,12.390000343322754,12.4399995803833,12.350000381469727,12.40999984741211,294500
2025-03-20 10:15:00-03:00,12.420000076293945,12.4399995803833,12.359999656677246,12.390000343322754,585500
2025-03-20 10:30:00-03:00,12.399999618530273,12.420000076293945,12.359999656677246,12.420000076293945,1438300
2025-03-20 10:45:00-03:00,12.390000343322754,12.40999984741211,12.369999885559082,12.399999618530273,543400
2025-03-20 11:00:00-03:00,12.399999618530273,12.4399995803833,12.369999885559082,12.390000343322754,2247000
2025-03-20 11:15:00-03:00,12.369999885559082,12.40999984741211,12.359999656677246,12.399999618530273,2388300
2025-03-20 11:30:00-03:00,12.380000114440918,12.399999618530273,12.359999656677246,12.359999656677246,568300
2025-03-20 11:45:00-03:00,12.420000076293945,12.420000076293945,12.369999885559082,12.380000114440918,359600
2025-03-20 12:00:00-03:00,12.369999885559082,12.489999771118164,12.359999656677246,12.40999984741211,1905200
2025-03-20 12:15:00-03:00,12.350000381469727,12.390000343322754,12.350000381469727,12.369999885559082,325800
2025-03-20 12:30:00-03:00,12.319999694824219,12.380000114440918,12.319999694824219,12.350000381469727,825600
2025-03-20 12:45:00-03:00,12.279999732971191,12.329999923706055,12.260000228881836,12.319999694824219,638900
2025-03-20 13:00:00-03:00,12.319999694824219,12.329999923706055,12.270000457763672,12.279999732971191,324200
2025-03-20 13:15:00-03:00,12.300000190734863,12.329999923706055,12.279999732971191,12.329999923706055,1534200
2025-03-20 13:30:00-03:00,12.369999885559082,12.369999885559082,12.289999961853027,12.289999961853027,677100
2025-03-20 13:45:00-03:00,12.34000015258789,12.390000343322754,12.34000015258789,12.369999885559082,605200
2025-03-20 14:00:00-03:00,12.359999656677246,12.369999885559082,12.34000015258789,12.350000381469727,470700
2025-03-20 14:15:00-03:00,12.34000015258789,12.359999656677246,12.319999694824219,12.350000381469727,535600
2025-03-20 14:30:00-03:00,12.34000015258789,12.359999656677246,12.319999694824219,12.329999923706055,447900
2025-03-20 14:45:00-03:00,12.319999694824219,12.359999656677246,12.289999961853027,12.350000381469727,837800
2025-03-20 15:00:00-03:00,12.34000015258789,12.34000015258789,12.300000190734863,12.319999694824219,1025500
2025-03-20 15:15:00-03:00,12.260000228881836,12.34000015258789,12.25,12.34000015258789,1538200
2025-03-20 15:30:00-03:00,12.260000228881836,12.270000457763672,12.239999771118164,12.25,786400
2025-03-20 15:45:00-03:00,12.260000228881836,12.279999732971191,12.239999771118164,12.260000228881836,635100
2025-03-20 16:00:00-03:00,12.300000190734863,12.319999694824219,12.260000228881836,12.270000457763672,1315600
2025-03-20 16:15:00-03:00,12.329999923706055,12.34000015258789,12.279999732971191,12.3100004196167,1210300
2025-03-20 16:30:00-03:00,12.369999885559082,12.390000343322754,12.3100004196167,12.329999923706055,2955500
2025-03-20 16:45:00-03:00,12.350000381469727,12.380000114440918,12.34000015258789,12.380000114440918,870600
2025-03-21 10:00:00-03:00,12.420000076293945,12.479999542236328,12.359999656677246,12.380000114440918,1009700
2025-03-21 10:15:00-03:00,12.380000114440918,12.449999809265137,12.369999885559082,12.420000076293945,1005300
2025-03-21 10:30:00-03:00,12.4399995803833,12.489999771118164,12.380000114440918,12.380000114440918,4096600
2025-03-21 10:45:00-03:00,12.460000038146973,12.460000038146973,12.420000076293945,12.449999809265137,1441300
2025-03-21 11:00:00-03:00,12.470000267028809,12.489999771118164,12.430000305175781,12.460000038146973,1149000
2025-03-21 11:15:00-03:00,12.5,12.520000457763672,12.390000343322754,12.460000038146973,1491500
2025-03-21 11:30:00-03:00,12.460000038146973,12.520000457763672,12.449999809265137,12.5,1132400
2025-03-21 11:45:00-03:00,12.479999542236328,12.520000457763672,12.449999809265137,12.449999809265137,1645500
2025-03-21 12:00:00-03:00,12.449999809265137,12.489999771118164,12.449999809265137,12.470000267028809,799300
2025-03-21 12:15:00-03:00,12.470000267028809,12.479999542236328,12.449999809265137,12.449999809265137,653200
2025-03-21 12:30:00-03:00,12.489999771118164,12.510000228881836,12.460000038146973,12.470000267028809,947500
2025-03-21 12:45:00-03:00,12.510000228881836,12.510000228881836,12.489999771118164,12.510000228881836,564100
2025-03-21 13:00:00-03:00,12.430000305175781,12.520000457763672,12.420000076293945,12.5,1726000
2025-03-21 13:15:00-03:00,12.449999809265137,12.460000038146973,12.390000343322754,12.420000076293945,2792000
2025-03-21 13:30:00-03:00,12.489999771118164,12.510000228881836,12.4399995803833,12.4399995803833,2995000
2025-03-21 13:45:00-03:00,12.5,12.510000228881836,12.470000267028809,12.489999771118164,1838200
2025-03-21 14:00:00-03:00,12.5600004196167,12.579999923706055,12.479999542236328,12.5,2937400
2025-03-21 14:15:00-03:00,12.529999732971191,12.579999923706055,12.510000228881836,12.569999694824219,3914100
2025-03-21 14:30:00-03:00,12.529999732971191,12.5600004196167,12.5,12.529999732971191,1226400
2025-03-21 14:45:00-03:00,12.550000190734863,12.5600004196167,12.520000457763672,12.529999732971191,1749100
2025-03-21 15:00:00-03:00,12.529999732971191,12.5600004196167,12.529999732971191,12.539999961853027,1249700
2025-03-21 15:15:00-03:00,12.520000457763672,12.550000190734863,12.510000228881836,12.529999732971191,1333100
2025-03-21 15:30:00-03:00,12.550000190734863,12.569999694824219,12.520000457763672,12.520000457763672,1160100
2025-03-21 15:45:00-03:00,12.550000190734863,12.579999923706055,12.550000190734863,12.550000190734863,880200
2025-03-21 16:00:00-03:00,12.5600004196167,12.579999923706055,12.520000457763672,12.550000190734863,3427600
2025-03-21 16:15:00-03:00,12.579999923706055,12.579999923706055,12.5600004196167,12.5600004196167,1287300
2025-03-21 16:30:00-03:00,12.550000190734863,12.59000015258789,12.529999732971191,12.59000015258789,1885100
2025-03-21 16:45:00-03:00,12.529999732971191,12.5600004196167,12.529999732971191,12.550000190734863,1453900
2025-03-24 10:00:00-03:00,12.520000457763672,12.550000190734863,12.470000267028809,12.539999961853027,1783300
2025-03-24 10:15:00-03:00,12.529999732971191,12.550000190734863,12.489999771118164,12.520000457763672,1782700
2025-03-24 10:30:00-03:00,12.579999923706055,12.600000381469727,12.529999732971191,12.529999732971191,1653900
2025-03-24 10:45:00-03:00,12.640000343322754,12.640000343322754,12.579999923706055,12.59000015258789,3228400
2025-03-24 11:00:00-03:00,12.670000076293945,12.6899995803833,12.630000114440918,12.630000114440918,1624000
2025-03-24 11:15:00-03:00,12.710000038146973,12.729999542236328,12.649999618530273,12.649999618530273,2917900
2025-03-24 11:30:00-03:00,12.65999984741211,12.710000038146973,12.65999984741211,12.699999809265137,1985300
2025-03-24 11:45:00-03:00,12.640000343322754,12.670000076293945,12.609999656677246,12.670000076293945,1077700
2025-03-24 12:00:00-03:00,12.640000343322754,12.65999984741211,12.59000015258789,12.640000343322754,4121100
2025-03-24 12:15:00-03:00,12.649999618530273,12.670000076293945,12.640000343322754,12.640000343322754,767700
2025-03-24 12:30:00-03:00,12.670000076293945,12.6899995803833,12.649999618530273,12.649999618530273,1092200
2025-03-24 12:45:00-03:00,12.680000305175781,12.6899995803833,12.649999618530273,12.670000076293945,503900
2025-03-24 13:00:00-03:00,12.65999984741211,12.6899995803833,12.65999984741211,12.680000305175781,344000
2025-03-24 13:15:00-03:00,12.619999885559082,12.670000076293945,12.619999885559082,12.65999984741211,445200
2025-03-24 13:30:00-03:00,12.619999885559082,12.640000343322754,12.609999656677246,12.619999885559082,304300
2025-03-24 13:45:00-03:00,12.649999618530273,12.65999984741211,12.609999656677246,12.619999885559082,436600
2025-03-24 14:00:00-03:00,12.630000114440918,12.65999984741211,12.619999885559082,12.649999618530273,773200
2025-03-24 14:15:00-03:00,12.569999694824219,12.630000114440918,12.5600004196167,12.619999885559082,1197100
2025-03-24 14:30:00-03:00,12.600000381469727,12.609999656677246,12.569999694824219,12.579999923706055,1177600
2025-03-24 14:45:00-03:00,12.59000015258789,12.619999885559082,12.579999923706055,12.600000381469727,1134300
2025-03-24 15:00:00-03:00,12.59000015258789,12.609999656677246,12.579999923706055,12.600000381469727,424300
2025-03-24 15:15:00-03:00,12.609999656677246,12.649999618530273,12.59000015258789,12.600000381469727,1171400
2025-03-24 15:30:00-03:00,12.619999885559082,12.640000343322754,12.600000381469727,12.619999885559082,1069600
2025-03-24 15:45:00-03:00,12.640000343322754,12.649999618530273,12.609999656677246,12.619999885559082,1217800
2025-03-24 16:00:00-03:00,12.649999618530273,12.65999984741211,12.619999885559082,12.640000343322754,789800
2025-03-24 16:15:00-03:00,12.65999984741211,12.670000076293945,12.630000114440918,12.640000343322754,1227800
2025-03-24 16:30:00-03:00,12.670000076293945,12.699999809265137,12.649999618530273,12.670000076293945,1892300
2025-03-24 16:45:00-03:00,12.649999618530273,12.6899995803833,12.649999618530273,12.670000076293945,1388400
2025-03-25 10:00:00-03:00,12.770000457763672,12.859999656677246,12.649999618530273,12.699999809265137,3225100
2025-03-25 10:15:00-03:00,12.989999771118164,13.0,12.760000228881836,12.770000457763672,4391700
2025-03-25 10:30:00-03:00,13.210000038146973,13.25,12.9399995803833,12.970000267028809,9300200
2025-03-25 10:45:00-03:00,13.050000190734863,13.289999961853027,13.050000190734863,13.210000038146973,6003400
2025-03-25 11:00:00-03:00,13.069999694824219,13.09000015258789,13.029999732971191,13.069999694824219,2645600
2025-03-25 11:15:00-03:00,13.109999656677246,13.140000343322754,13.0600004196167,13.069999694824219,2837500
2025-03-25 11:30:00-03:00,13.100000381469727,13.130000114440918,13.09000015258789,13.109999656677246,929000
2025-03-25 11:45:00-03:00,13.119999885559082,13.119999885559082,13.0600004196167,13.100000381469727,1686200
2025-03-25 12:00:00-03:00,13.140000343322754,13.180000305175781,13.09000015258789,13.109999656677246,2571200
2025-03-25 12:15:00-03:00,13.15999984741211,13.180000305175781,13.130000114440918,13.130000114440918,818900
2025-03-25 12:30:00-03:00,13.140000343322754,13.180000305175781,13.09000015258789,13.180000305175781,1843000
2025-03-25 12:45:00-03:00,13.130000114440918,13.1899995803833,13.109999656677246,13.149999618530273,1545300
2025-03-25 13:00:00-03:00,13.100000381469727,13.140000343322754,13.069999694824219,13.140000343322754,2011600
2025-03-25 13:15:00-03:00,13.069999694824219,13.119999885559082,13.0600004196167,13.109999656677246,1161100
2025-03-25 13:30:00-03:00,13.039999961853027,13.109999656677246,13.039999961853027,13.069999694824219,1908300
2025-03-25 13:45:00-03:00,13.010000228881836,13.050000190734863,12.979999542236328,13.050000190734863,1940200
2025-03-25 14:00:00-03:00,13.029999732971191,13.0600004196167,12.989999771118164,13.020000457763672,986400
2025-03-25 14:15:00-03:00,13.039999961853027,13.0600004196167,13.0,13.039999961853027,992300
2025-03-25 14:30:00-03:00,13.039999961853027,13.0600004196167,13.020000457763672,13.029999732971191,873500
2025-03-25 14:45:00-03:00,12.989999771118164,13.039999961853027,12.970000267028809,13.029999732971191,1504800
2025-03-25 15:00:00-03:00,13.029999732971191,13.039999961853027,12.949999809265137,12.989999771118164,2112900
2025-03-25 15:15:00-03:00,13.010000228881836,13.050000190734863,12.989999771118164,13.039999961853027,1084900
2025-03-25 15:30:00-03:00,13.020000457763672,13.039999961853027,13.0,13.020000457763672,1464300
2025-03-25 15:45:00-03:00,12.979999542236328,13.029999732971191,12.970000267028809,13.010000228881836,1214500
2025-03-25 16:00:00-03:00,12.970000267028809,13.0,12.949999809265137,12.979999542236328,1711600
2025-03-25 16:15:00-03:00,12.960000038146973,12.989999771118164,12.949999809265137,12.970000267028809,624700
2025-03-25 16:30:00-03:00,12.960000038146973,12.979999542236328,12.949999809265137,12.960000038146973,911200
2025-03-25 16:45:00-03:00,12.920000076293945,12.970000267028809,12.90999984741211,12.960000038146973,1347000
2025-03-26 10:00:00-03:00,13.0600004196167,13.079999923706055,12.960000038146973,12.979999542236328,636200
2025-03-26 10:15:00-03:00,13.039999961853027,13.119999885559082,13.0,13.069999694824219,2309200
2025-03-26 10:30:00-03:00,12.979999542236328,13.0600004196167,12.899999618530273,13.0600004196167,4223000
2025-03-26 10:45:00-03:00,13.119999885559082,13.130000114440918,12.979999542236328,12.979999542236328,4546500
2025-03-26 11:00:00-03:00,13.100000381469727,13.119999885559082,13.079999923706055,13.100000381469727,1371500
2025-03-26 11:15:00-03:00,13.050000190734863,13.119999885559082,13.010000228881836,13.09000015258789,2428000
2025-03-26 11:30:00-03:00,13.0600004196167,13.100000381469727,13.050000190734863,13.050000190734863,2982200
2025-03-26 11:45:00-03:00,13.0600004196167,13.109999656677246,13.029999732971191,13.0600004196167,1913800
2025-03-26 12:00:00-03:00,13.100000381469727,13.109999656677246,13.0600004196167,13.0600004196167,1432800
2025-03-26 12:15:00-03:00,13.119999885559082,13.149999618530273,13.100000381469727,13.109999656677246,1358100
2025-03-26 12:30:00-03:00,13.100000381469727,13.149999618530273,13.079999923706055,13.119999885559082,1902400
2025-03-26 12:45:00-03:00,13.100000381469727,13.119999885559082,13.069999694824219,13.09000015258789,866000
2025-03-26 13:00:00-03:00,13.109999656677246,13.140000343322754,13.09000015258789,13.09000015258789,2005100
2025-03-26 13:15:00-03:00,13.09000015258789,13.140000343322754,13.09000015258789,13.109999656677246,1634700
2025-03-26 13:30:00-03:00,13.100000381469727,13.119999885559082,13.09000015258789,13.09000015258789,944300
2025-03-26 13:45:00-03:00,13.09000015258789,13.149999618530273,13.069999694824219,13.100000381469727,1136200
2025-03-26 14:00:00-03:00,13.069999694824219,13.09000015258789,13.039999961853027,13.079999923706055,966200
2025-03-26 14:15:00-03:00,13.069999694824219,13.079999923706055,13.020000457763672,13.069999694824219,1330600
2025-03-26 14:30:00-03:00,13.050000190734863,13.069999694824219,13.029999732971191,13.069999694824219,1448200
2025-03-26 14:45:00-03:00,13.069999694824219,13.09000015258789,13.039999961853027,13.039999961853027,1425100
2025-03-26 15:00:00-03:00,13.079999923706055,13.109999656677246,13.069999694824219,13.069999694824219,1017500
2025-03-26 15:15:00-03:00,13.09000015258789,13.100000381469727,13.079999923706055,13.079999923706055,620700
2025-03-26 15:30:00-03:00,13.079999923706055,13.109999656677246,13.069999694824219,13.100000381469727,742300
2025-03-26 15:45:00-03:00,13.09000015258789,13.100000381469727,13.0600004196167,13.09000015258789,1066500
2025-03-26 16:00:00-03:00,13.09000015258789,13.09000015258789,13.069999694824219,13.09000015258789,664300
2025-03-26 16:15:00-03:00,13.09000015258789,13.100000381469727,13.069999694824219,13.079999923706055,1108800
2025-03-26 16:30:00-03:00,13.109999656677246,13.130000114440918,13.079999923706055,13.100000381469727,1427700
2025-03-26 16:45:00-03:00,13.130000114440918,13.130000114440918,13.109999656677246,13.119999885559082,844700
2025-03-27 10:00:00-03:00,13.170000076293945,13.170000076293945,13.050000190734863,13.100000381469727,615100
2025-03-27 10:15:00-03:00,13.119999885559082,13.170000076293945,13.100000381469727,13.15999984741211,827000
2025-03-27 10:30:00-03:00,13.0600004196167,13.130000114440918,13.010000228881836,13.119999885559082,1243500
2025-03-27 10:45:00-03:00,13.069999694824219,13.079999923706055,13.010000228881836,13.0600004196167,739700
2025-03-27 11:00:00-03:00,13.119999885559082,13.119999885559082,13.039999961853027,13.0600004196167,1029100
2025-03-27 11:15:00-03:00,13.079999923706055,13.119999885559082,13.069999694824219,13.109999656677246,3863900
2025-03-27 11:30:00-03:00,13.0600004196167,13.09000015258789,13.050000190734863,13.079999923706055,752200
2025-03-27 11:45:00-03:00,13.039999961853027,13.069999694824219,13.020000457763672,13.0600004196167,1304200
2025-03-27 12:00:00-03:00,13.039999961853027,13.069999694824219,13.029999732971191,13.039999961853027,1575300
2025-03-27 12:15:00-03:00,13.029999732971191,13.079999923706055,13.020000457763672,13.0600004196167,1473600
2025-03-27 12:30:00-03:00,13.079999923706055,13.100000381469727,13.029999732971191,13.039999961853027,1203100
2025-03-27 12:45:00-03:00,13.069999694824219,13.100000381469727,13.050000190734863,13.09000015258789,954600
2025-03-27 13:00:00-03:00,13.0600004196167,13.09000015258789,13.039999961853027,13.079999923706055,1244200
2025-03-27 13:15:00-03:00,13.050000190734863,13.0600004196167,13.039999961853027,13.050000190734863,704900
2025-03-27 13:30:00-03:00,13.050000190734863,13.0600004196167,13.039999961853027,13.0600004196167,389700
2025-03-27 13:45:00-03:00,13.010000228881836,13.0600004196167,13.0,13.050000190734863,1140800
2025-03-27 14:00:00-03:00,13.029999732971191,13.029999732971191,12.989999771118164,13.010000228881836,1268700
2025-03-27 14:15:00-03:00,13.020000457763672,13.0600004196167,13.020000457763672,13.020000457763672,1084600
2025-03-27 14:30:00-03:00,13.039999961853027,13.050000190734863,13.0,13.029999732971191,2349100
2025-03-27 14:45:00-03:00,13.0,13.0600004196167,12.960000038146973,13.050000190734863,1454900
2025-03-27 15:00:00-03:00,13.029999732971191,13.050000190734863,13.0,13.0,925200
2025-03-27 15:15:00-03:00,13.050000190734863,13.0600004196167,13.020000457763672,13.029999732971191,672000
2025-03-27 15:30:00-03:00,13.0,13.0600004196167,13.0,13.050000190734863,2300800
2025-03-27 15:45:00-03:00,13.010000228881836,13.029999732971191,12.989999771118164,13.010000228881836,963900
2025-03-27 16:00:00-03:00,13.0600004196167,13.079999923706055,13.010000228881836,13.020000457763672,2262700
2025-03-27 16:15:00-03:00,13.039999961853027,13.0600004196167,13.010000228881836,13.0600004196167,810300
2025-03-27 16:30:00-03:00,13.039999961853027,13.0600004196167,13.020000457763672,13.039999961853027,1507000
2025-03-27 16:45:00-03:00,13.029999732971191,13.050000190734863,13.0,13.039999961853027,717100
2025-03-28 10:00:00-03:00,13.0,13.029999732971191,12.960000038146973,13.0,201800
2025-03-28 10:15:00-03:00,13.010000228881836,13.020000457763672,12.960000038146973,13.0,306800
2025-03-28 10:30:00-03:00,12.970000267028809,13.039999961853027,12.970000267028809,13.010000228881836,438800
2025-03-28 10:45:00-03:00,12.979999542236328,13.010000228881836,12.960000038146973,12.970000267028809,360500
2025-03-28 11:00:00-03:00,12.920000076293945,12.970000267028809,12.90999984741211,12.970000267028809,641800
2025-03-28 11:15:00-03:00,12.930000305175781,12.960000038146973,12.899999618530273,12.920000076293945,1217600
2025-03-28 11:30:00-03:00,12.920000076293945,12.9399995803833,12.880000114440918,12.930000305175781,771400
2025-03-28 11:45:00-03:00,12.850000381469727,12.920000076293945,12.84000015258789,12.90999984741211,3508900
2025-03-28 12:00:00-03:00,12.869999885559082,12.880000114440918,12.829999923706055,12.850000381469727,1214400
2025-03-28 12:15:00-03:00,12.869999885559082,12.890000343322754,12.859999656677246,12.869999885559082,367800
2025-03-28 12:30:00-03:00,12.880000114440918,12.899999618530273,12.869999885559082,12.869999885559082,247500
2025-03-28 12:45:00-03:00,12.899999618530273,12.90999984741211,12.859999656677246,12.880000114440918,517700
2025-03-28 13:00:00-03:00,12.890000343322754,12.920000076293945,12.880000114440918,12.899999618530273,487000
2025-03-28 13:15:00-03:00,12.899999618530273,12.920000076293945,12.880000114440918,12.880000114440918,507000
2025-03-28 13:30:00-03:00,12.859999656677246,12.90999984741211,12.859999656677246,12.899999618530273,245100
2025-03-28 13:45:00-03:00,12.84000015258789,12.869999885559082,12.84000015258789,12.859999656677246,134400
2025-03-28 14:00:00-03:00,12.8100004196167,12.84000015258789,12.8100004196167,12.84000015258789,694700
2025-03-28 14:15:00-03:00,12.829999923706055,12.829999923706055,12.789999961853027,12.8100004196167,439000
2025-03-28 14:30:00-03:00,12.850000381469727,12.869999885559082,12.819999694824219,12.829999923706055,690400
2025-03-28 14:45:00-03:00,12.859999656677246,12.880000114440918,12.850000381469727,12.850000381469727,251200
2025-03-28 15:00:00-03:00,12.890000343322754,12.9399995803833,12.84000015258789,12.859999656677246,2263600
2025-03-28 15:15:00-03:00,12.84000015258789,12.920000076293945,12.829999923706055,12.880000114440918,1313300
2025-03-28 15:30:00-03:00,12.859999656677246,12.890000343322754,12.829999923706055,12.84000015258789,1355100
2025-03-28 15:45:00-03:00,12.84000015258789,12.859999656677246,12.829999923706055,12.850000381469727,494000
2025-03-28 16:00:00-03:00,12.850000381469727,12.859999656677246,12.84000015258789,12.84000015258789,510300
2025-03-28 16:15:00-03:00,12.859999656677246,12.869999885559082,12.829999923706055,12.859999656677246,898200
2025-03-28 16:30:00-03:00,12.880000114440918,12.899999618530273,12.84000015258789,12.859999656677246,1002200
2025-03-28 16:45:00-03:00,12.890000343322754,12.899999618530273,12.869999885559082,12.890000343322754,1111700
2025-03-31 10:00:00-03:00,12.640000343322754,12.770000457763672,12.609999656677246,12.770000457763672,2812500
2025-03-31 10:15:00-03:00,12.630000114440918,12.670000076293945,12.569999694824219,12.640000343322754,1234700
2025-03-31 10:30:00-03:00,12.609999656677246,12.65999984741211,12.579999923706055,12.630000114440918,1498300
2025-03-31 10:45:00-03:00,12.640000343322754,12.649999618530273,12.600000381469727,12.609999656677246,876300
2025-03-31 11:00:00-03:00,12.670000076293945,12.680000305175781,12.630000114440918,12.640000343322754,385100
2025-03-31 11:15:00-03:00,12.649999618530273,12.680000305175781,12.630000114440918,12.670000076293945,862800
2025-03-31 11:30:00-03:00,12.6899995803833,12.710000038146973,12.640000343322754,12.649999618530273,875400
2025-03-31 11:45:00-03:00,12.680000305175781,12.699999809265137,12.65999984741211,12.680000305175781,300600
2025-03-31 12:00:00-03:00,12.699999809265137,12.699999809265137,12.670000076293945,12.680000305175781,247400
2025-03-31 12:15:00-03:00,12.670000076293945,12.699999809265137,12.65999984741211,12.6899995803833,371100
2025-03-31 12:30:00-03:00,12.670000076293945,12.670000076293945,12.649999618530273,12.670000076293945,306200
2025-03-31 12:45:00-03:00,12.65999984741211,12.680000305175781,12.65999984741211,12.670000076293945,280100
2025-03-31 13:00:00-03:00,12.640000343322754,12.680000305175781,12.630000114440918,12.65999984741211,564700
2025-03-31 13:15:00-03:00,12.630000114440918,12.649999618530273,12.619999885559082,12.640000343322754,770000
2025-03-31 13:30:00-03:00,12.640000343322754,12.65999984741211,12.630000114440918,12.640000343322754,310800
2025-03-31 13:45:00-03:00,12.65999984741211,12.670000076293945,12.640000343322754,12.640000343322754,247400
2025-03-31 14:00:00-03:00,12.65999984741211,12.65999984741211,12.640000343322754,12.649999618530273,246400
2025-03-31 14:15:00-03:00,12.630000114440918,12.65999984741211,12.609999656677246,12.649999618530273,12146000
2025-03-31 14:30:00-03:00,12.619999885559082,12.670000076293945,12.609999656677246,12.630000114440918,1351500
2025-03-31 14:45:00-03:00,12.65999984741211,12.670000076293945,12.619999885559082,12.619999885559082,604800
2025-03-31 15:00:00-03:00,12.720000267028809,12.720000267028809,12.649999618530273,12.65999984741211,1672400
2025-03-31 15:15:00-03:00,12.720000267028809,12.739999771118164,12.699999809265137,12.720000267028809,1388200
2025-03-31 15:30:00-03:00,12.6899995803833,12.729999542236328,12.680000305175781,12.710000038146973,556700
2025-03-31 15:45:00-03:00,12.680000305175781,12.6899995803833,12.670000076293945,12.6899995803833,378800
2025-03-31 16:00:00-03:00,12.6899995803833,12.710000038146973,12.680000305175781,12.6899995803833,1302200
2025-03-31 16:15:00-03:00,12.680000305175781,12.699999809265137,12.65999984741211,12.699999809265137,589500
2025-03-31 16:30:00-03:00,12.680000305175781,12.6899995803833,12.65999984741211,12.670000076293945,1860600
2025-03-31 16:45:00-03:00,12.640000343322754,12.699999809265137,12.640000343322754,12.6899995803833,1216500
